record_id,company,ticker,cik,claim,assumption.text,assumption.metric,assumption.target_low,assumption.target_high,assumption.unit,assumption.target_period,assumption.stated_at,assumption.evidence.source_url,assumption.evidence.accession_number,assumption.evidence.filing_type,assumption.evidence.filed_at,assumption.evidence.fetched_at,assumption.evidence.content_sha256,assumption.evidence.excerpt,outcome.reported_value,outcome.reported_at,outcome.evidence.source_url,outcome.evidence.accession_number,outcome.evidence.filing_type,outcome.evidence.filed_at,outcome.evidence.fetched_at,outcome.evidence.content_sha256,outcome.evidence.excerpt,invalidation_condition,status,acknowledged_at,acknowledgement_evidence.source_url,acknowledgement_evidence.accession_number,acknowledgement_evidence.filing_type,acknowledgement_evidence.filed_at,acknowledgement_evidence.fetched_at,acknowledgement_evidence.content_sha256,acknowledgement_evidence.excerpt,days_to_falsifiable,days_to_acknowledged,last_reviewed_at,reviewer,approved,hand_verified,reviewer_note,conflict,empty_block,ack_pending_review,change_pending_review,aid_proposed_status,aid_capture_method,aid_heading,aid_lead_in,aid_table_header,aid_value_column,aid_outcome_note,aid_flag_note,aid_withdrawal_note,aid_verify,aid_verify_reason,aid_verify_class,aid_suggested_note,aid_ack_proposed_at,aid_ack_proposed_excerpt,aid_ack_proposed_url,aid_ack_proposed_evidence,aid_proposed_change,aid_derived_snapshot
01FEHWW800BBABE6B0FR5899YM,Broadcom Inc.,AVGO,0001730168,Broadcom Inc. expects operating margin non-GAAP of 61% for Q4 FY2021.,Fourth quarter Adjusted EBITDA guidance of approximately 61 percent of projected revenue (1),operating margin non-GAAP,61.0,61.0,percent,Q4 FY2021,2021-09-02,https://www.sec.gov/Archives/edgar/data/1730168/000173016821000121/avgo-08012021x8kxex99.htm,0001730168-21-000121,8-K,2021-09-02,2026-10-01T12:40:37Z,99d81c78c270562de5421607e6ab56333bdda6d868bc8c865978f47ac4affd9c,Fourth quarter Adjusted EBITDA guidance of approximately 61 percent of projected revenue (1),,,,,,,,,,reported value differs from 61 by more than 0.5%,open,,,,,,,,,,,2026-10-02,navneet,false,false,,false,false,false,,unresolved,sentence,,,,,the matching release has no line naming the metric with a number,,,no,Excerpt states 'Adjusted EBITDA guidance' which is a different metric than operating margin non-GAAP,wrong_metric,CHECK: metric,,,,,,"{""aid_flag_note"": """", ""assumption.metric"": ""operating margin non-GAAP"", ""assumption.stated_at"": ""2021-09-02"", ""assumption.target_high"": ""61.0"", ""assumption.target_low"": ""61.0"", ""assumption.target_period"": ""Q4 FY2021"", ""assumption.text"": ""Fourth quarter Adjusted EBITDA guidance of approximately 61 percent of projected revenue (1)"", ""assumption.unit"": ""percent"", ""claim"": ""Broadcom Inc. expects operating margin non-GAAP of 61% for Q4 FY2021."", ""conflict"": ""false"", ""invalidation_condition"": ""reported value differs from 61 by more than 0.5%""}"
01G3YTKE00NHV2456GJ1NM4DBT,Broadcom Inc.,AVGO,0001730168,Broadcom Inc. expects operating margin non-GAAP of 63.5% for Q3 FY2022.,Third quarter Adjusted EBITDA guidance of approximately 63.5 percent of projected revenue (1),operating margin non-GAAP,63.5,63.5,percent,Q3 FY2022,2022-05-26,https://www.sec.gov/Archives/edgar/data/1730168/000119312522160304/d262320dex991.htm,0001193125-22-160304,8-K,2022-05-26,2026-10-01T12:40:45Z,08325eff6bfc41708cf080ce3037c8d487987e4b3bbad2b3850adb87dda08c2a,Third quarter Adjusted EBITDA guidance of approximately 63.5 percent of projected revenue (1),,,,,,,,,,reported value differs from 63.5 by more than 0.5%,open,,,,,,,,,,,2026-10-02,navneet,false,false,,false,false,false,,unresolved,sentence,,,,,the matching release has no line naming the metric with a number,,,no,Excerpt states 'Adjusted EBITDA guidance' not operating margin; these are different metrics.,wrong_metric,CHECK: metric,,,,,,"{""aid_flag_note"": """", ""assumption.metric"": ""operating margin non-GAAP"", ""assumption.stated_at"": ""2022-05-26"", ""assumption.target_high"": ""63.5"", ""assumption.target_low"": ""63.5"", ""assumption.target_period"": ""Q3 FY2022"", ""assumption.text"": ""Third quarter Adjusted EBITDA guidance of approximately 63.5 percent of projected revenue (1)"", ""assumption.unit"": ""percent"", ""claim"": ""Broadcom Inc. expects operating margin non-GAAP of 63.5% for Q3 FY2022."", ""conflict"": ""false"", ""invalidation_condition"": ""reported value differs from 63.5 by more than 0.5%""}"
01GTFSWP00HK49DTF5RQMH69EH,Broadcom Inc.,AVGO,0001730168,Broadcom Inc. expects operating margin non-GAAP of 64.5% for Q2 FY2023.,Second quarter Adjusted EBITDA guidance of approximately 64.5 percent of projected revenue(1),operating margin non-GAAP,64.5,64.5,percent,Q2 FY2023,2023-03-02,https://www.sec.gov/Archives/edgar/data/1730168/000173016823000004/avgo-01292023x8kxex99.htm,0001730168-23-000004,8-K,2023-03-02,2026-10-01T12:40:53Z,31a3349bbccc0565b1003605b41477157a66e9e083e63bcbc5c16272faacd42e,Second quarter Adjusted EBITDA guidance of approximately 64.5 percent of projected revenue(1),,,,,,,,,,reported value differs from 64.5 by more than 0.5%,open,,,,,,,,,,,2026-10-02,navneet,false,false,,false,false,false,,unresolved,sentence,,,,,the matching release has no line naming the metric with a number,,,no,The excerpt states 'Adjusted EBITDA guidance' but the claim is for 'operating margin non-GAAP'. These are different metrics.,wrong_metric,CHECK: metric,,,,,,"{""aid_flag_note"": """", ""assumption.metric"": ""operating margin non-GAAP"", ""assumption.stated_at"": ""2023-03-02"", ""assumption.target_high"": ""64.5"", ""assumption.target_low"": ""64.5"", ""assumption.target_period"": ""Q2 FY2023"", ""assumption.text"": ""Second quarter Adjusted EBITDA guidance of approximately 64.5 percent of projected revenue(1)"", ""assumption.unit"": ""percent"", ""claim"": ""Broadcom Inc. expects operating margin non-GAAP of 64.5% for Q2 FY2023."", ""conflict"": ""false"", ""invalidation_condition"": ""reported value differs from 64.5 by more than 0.5%""}"
01J04VX2004YS7PEGJE57DTZDN,Broadcom Inc.,AVGO,0001730168,Broadcom Inc. expects operating margin non-GAAP of 61% for FY2024.,Fiscal 2024 annual Adjusted EBITDA guidance of approximately 61 percent of projected revenue (1),operating margin non-GAAP,61.0,61.0,percent,FY2024,2024-06-12,https://www.sec.gov/Archives/edgar/data/1730168/000173016824000077/avgo-05052024x8kxex99.htm,0001730168-24-000077,8-K,2024-06-12,2026-10-01T12:41:04Z,e97237166db35745b07076cbe855c3870606116666ed347a972c38861f5fd9b7,Fiscal 2024 annual Adjusted EBITDA guidance of approximately 61 percent of projected revenue (1),,,,,,,,,,reported value differs from 61 by more than 0.5%,open,,,,,,,,,,,2026-10-02,navneet,false,false,,false,false,false,,unresolved,sentence,,,,,the matching release has no line naming the metric with a number,,,no,"The excerpt states 'Adjusted EBITDA' guidance, not 'operating margin' - these are different metrics.",wrong_metric,CHECK: metric,,,,,,"{""aid_flag_note"": """", ""assumption.metric"": ""operating margin non-GAAP"", ""assumption.stated_at"": ""2024-06-12"", ""assumption.target_high"": ""61.0"", ""assumption.target_low"": ""61.0"", ""assumption.target_period"": ""FY2024"", ""assumption.text"": ""Fiscal 2024 annual Adjusted EBITDA guidance of approximately 61 percent of projected revenue (1)"", ""assumption.unit"": ""percent"", ""claim"": ""Broadcom Inc. expects operating margin non-GAAP of 61% for FY2024."", ""conflict"": ""false"", ""invalidation_condition"": ""reported value differs from 61 by more than 0.5%""}"
01J6ZQP50021703RQYT5D8Z30Z,Broadcom Inc.,AVGO,0001730168,Broadcom Inc. expects revenue of $12 billion for FY2024.,"We expect revenue from AI to be $12 billion for fiscal year 2024 driven by Ethernet networking and custom accelerators for AI data centers,” said Hock Tan, President and CEO of Broadcom Inc. “The transformation of VMware continues to progress very well.",revenue,12.0,12.0,USD billions,FY2024,2024-09-05,https://www.sec.gov/Archives/edgar/data/1730168/000173016824000095/avgo-08042024x8kxex99.htm,0001730168-24-000095,8-K,2024-09-05,2026-10-01T12:41:06Z,8409aa41b1ef7869cd3155e4abcbd97ad5a2c730f450443e2ee937cd898710e6,"We expect revenue from AI to be $12 billion for fiscal year 2024 driven by Ethernet networking and custom accelerators for AI data centers,” said Hock Tan, President and CEO of Broadcom Inc. “The transformation of VMware continues to progress very well.",,,,,,,,,,reported value differs from 12 by more than 0.5%,open,,,,,,,,,,,2026-10-02,navneet,false,false,,false,false,false,,unresolved,sentence,,,,,"multi-column, unconfirmed",,,no,"The excerpt specifies 'revenue from AI' as $12 billion, not total revenue. The metric given is 'revenue' without the AI qualifier.",wrong_metric,CHECK: metric,,,,,,"{""aid_flag_note"": """", ""assumption.metric"": ""revenue"", ""assumption.stated_at"": ""2024-09-05"", ""assumption.target_high"": ""12.0"", ""assumption.target_low"": ""12.0"", ""assumption.target_period"": ""FY2024"", ""assumption.text"": ""We expect revenue from AI to be $12 billion for fiscal year 2024 driven by Ethernet networking and custom accelerators for AI data centers,\u201d said Hock Tan, President and CEO of Broadcom Inc. \u201cThe transformation of VMware continues to progress very well."", ""assumption.unit"": ""USD billions"", ""claim"": ""Broadcom Inc. expects revenue of $12 billion for FY2024."", ""conflict"": ""false"", ""invalidation_condition"": ""reported value differs from 12 by more than 0.5%""}"
01E360MV00C9KD0Y7DX9DEYC3B,Broadcom Inc.,AVGO,0001730168,,,,,,,,2020-03-12,https://www.sec.gov/Archives/edgar/data/1730168/000119312520071608/d859221dex991.htm,0001193125-20-071608,8-K,2020-03-12,2026-10-01T12:40:15Z,c5147dd2cc61cdb688eafbeeb20ae9956149e01d700fe84a206b2171e6c9a8f7,"The guidance provided above is only an estimate of what the
Company believes is realizable as of the date of this release. The Company is not readily able to provide a reconciliation of projected Adjusted EBITDA to projected net income without unreasonable effort. Actual results will vary from the guidance
and the variations may be material. The Company undertakes no intent or obligation to public",,,,,,,,,,,open,,,,,,,,,,,,,false,false,,false,true,false,,,section,midpoint of guidance 1,"conditions, the outlook for the second quarter of fiscal year 2020, ending May 3, 2020, including contributions from the Symantec enterprise security business, is expected to be as follows:",,,,the model returned no items,,,,,,,,,,,
01E9YA1700QXQ21J5XH2ZS563D,Broadcom Inc.,AVGO,0001730168,,,,,,,,2020-06-04,https://www.sec.gov/Archives/edgar/data/1730168/000173016820000099/avgo-05032020x8kxex99.htm,0001730168-20-000099,8-K,2020-06-04,2026-10-01T12:40:23Z,b5043e10427520421356a2d745555eb695db1d1fffe53cb0810c5d904a03697e,"Based on current business trends and conditions, the outlook for the third quarter of fiscal year 2020, ending August 2, 2020, is expected to be as follows:
•Third quarter revenue guidance of $5.75 billion plus or minus $150 million; and
•Third quarter Adjusted EBITDA of $3,220 million plus or minus $75 million, or 56% of revenue at the midpoint of guidance.
The guidance provided above is only an ",,,,,,,,,,,open,,,,,,,,,,,,,false,false,,false,true,false,,,section,Third Quarter Fiscal Year 2020 Business Outlook,,,,,"1 item(s) returned, all rejected: plus_minus needs one centre value in both value_low and value_high, and a spread",,,,,,,,,,,
01EBPYS1008N2T70668Q3SR7TV,Broadcom Inc.,AVGO,0001730168,,,,,,,,2020-06-26,https://www.sec.gov/Archives/edgar/data/1730168/000173016820000126/ex991avgo6262020.htm,0001730168-20-000126,8-K,2020-06-26,2026-10-01T12:40:25Z,6678239f5da74527f3dc9a7876ae0c1ac7b698046d95569ac2aea49a60933887,"In the first quarter of fiscal year 2019, we adopted the Financial Accounting Standards Board (“FASB”) guidance issued in March 2017 that requires an employer to present the service cost component of net periodic benefit cost in the same income statement line item as other employee compensation costs arising from services rendered during the period. Other components of the net periodic benefit cos",,,,,,,,,,,open,,,,,,,,,,,,,false,false,,false,true,false,,,section,Recently Adopted Accounting Guidance,,,,,the model returned no items,,,,,,,,,,,
01EBPYS100PMTGB4FZYW7F3WH7,Broadcom Inc.,AVGO,0001730168,,,,,,,,2020-06-26,https://www.sec.gov/Archives/edgar/data/1730168/000173016820000126/ex991avgo6262020.htm,0001730168-20-000126,8-K,2020-06-26,2026-10-01T12:40:25Z,6678239f5da74527f3dc9a7876ae0c1ac7b698046d95569ac2aea49a60933887,"In February 2016, the FASB issued guidance related to the accounting for leases, which among other things, requires a lessee to recognize lease assets and lease liabilities on the balance sheet for operating leases. This guidance will be effective for the first quarter of our fiscal year ending November 1, 2020 (“fiscal year 2020”). We will adopt this guidance using the optional transition method ",,,,,,,,,,,open,,,,,,,,,,,,,false,false,,false,true,false,,,section,Recent Accounting Guidance Not Yet Adopted,,,,,the model returned no items,,,,,,,,,,,
01EH8M6M00VWMFHBYXX7B1P92K,Broadcom Inc.,AVGO,0001730168,,,,,,,,2020-09-03,https://www.sec.gov/Archives/edgar/data/1730168/000173016820000154/avgo-08022020x8kxex99.htm,0001730168-20-000154,8-K,2020-09-03,2026-10-01T12:40:26Z,4fbf954e1aea4b8c27aaeebc2bbb3b67b49fd568f75e6673f8f2c7a0d907147e,"Based on current business trends and conditions, the outlook for the fourth quarter of fiscal year 2020, ending November 1, 2020, is expected to be as follows:
•Fourth quarter revenue guidance of $6.4 billion plus or minus $150 million; and
•Fourth quarter Adjusted EBITDA of $3,744 million plus or minus $75 million, or 58.5% of revenue at the midpoint of guidance.
2",,,,,,,,,,,open,,,,,,,,,,,,,false,false,,false,true,false,,,section,Fourth Quarter Fiscal Year 2020 Business Outlook,,,,,"1 item(s) returned, all rejected: a range, but the evidence has no 'to', 'between', dash or plus or minus",,,,,,,,,,,
01KT5CF9001R04VN6X16JEAZRY,Broadcom Inc.,AVGO,0001730168,,,,,,,,2026-06-03,https://www.sec.gov/Archives/edgar/data/1730168/000173016826000051/avgo-05032026x8kxex99.htm,0001730168-26-000051,8-K,2026-06-03,2026-10-01T12:41:23Z,bce68b3a9d055230fab9ede9547dad60ce6610242a873a0384c711e3c918c312,"•Third quarter non-GAAP operating income guidance of approximately 67 percent of projected revenue;
•Third quarter Adjusted EBITDA guidance of approximately 68 percent of projected revenue.
The guidance provided above is only an estimate of what the Company believes is realizable as of the date of this release. The Company is not readily able to provide a reconciliation of projected non-GAAP finan",,,,,,,,,,,open,,,,,,,,,,,,,false,false,,false,true,false,,,section,•Third quarter revenue guidance of approximately $29.4 billion;,"Based on current business trends and conditions, the outlook for the third quarter of fiscal year 2026, ending August 2, 2026, is expected to be as follows:",,,,"1 item(s) returned, all rejected: line_first 0 and line_last 0 are not lines 1 to 4 of the section",,,,,,,,,,,
01KJV29W00FD5MZSTE6B435D0T,Broadcom Inc.,AVGO,0001730168,Broadcom Inc. expects operating margin non-GAAP of 68% for Q2 FY2026.,Second quarter fiscal year 2026 Adjusted EBITDA guidance of approximately 68 percent of projected revenue (1),operating margin non-GAAP,68.0,68.0,percent,Q2 FY2026,2026-03-04,https://www.sec.gov/Archives/edgar/data/1730168/000173016826000011/avgo-02012026x8kxex99.htm,0001730168-26-000011,8-K,2026-03-04,2026-10-01T12:41:20Z,a67f3d492ef4ea6ee83e645d3f147dee8c2d805857022d4cc7da8a5503dc87c5,Second quarter fiscal year 2026 Adjusted EBITDA guidance of approximately 68 percent of projected revenue (1),,,,,,,,,,reported value differs from 68 by more than 0.5%,open,,,,,,,,,,,2026-10-02,navneet,false,false,,false,false,false,,unresolved,sentence,,,,,"multi-column, unconfirmed",,,yes,Excerpt states 'Second quarter fiscal year 2026 Adjusted EBITDA guidance of approximately 68 percent' which matches the Q2 FY2026 period and 68% non-GAAP operating margin metric.,,,,,,,,"{""aid_flag_note"": """", ""assumption.metric"": ""operating margin non-GAAP"", ""assumption.stated_at"": ""2026-03-04"", ""assumption.target_high"": ""68.0"", ""assumption.target_low"": ""68.0"", ""assumption.target_period"": ""Q2 FY2026"", ""assumption.text"": ""Second quarter fiscal year 2026 Adjusted EBITDA guidance of approximately 68 percent of projected revenue (1)"", ""assumption.unit"": ""percent"", ""claim"": ""Broadcom Inc. expects operating margin non-GAAP of 68% for Q2 FY2026."", ""conflict"": ""false"", ""invalidation_condition"": ""reported value differs from 68 by more than 0.5%""}"
01D5WQZ700Z2VKWEW75GS1BYDP,Broadcom Inc.,AVGO,0001730168,Broadcom Inc. expects revenue of $24.5 billion for FY2019.,Maintaining fiscal year 2019 revenue outlook of $24.5 billion,revenue,24.5,24.5,USD billions,FY2019,2019-03-14,https://www.sec.gov/Archives/edgar/data/1730168/000119312519074832/d642515dex991.htm,0001193125-19-074832,8-K,2019-03-14,2026-10-01T12:40:02Z,79c757b3f7d9a225bb2f3501b3d1b76cdcfd4390fba3a0e21774df45d2135ac8,Maintaining fiscal year 2019 revenue outlook of $24.5 billion,22.597,2019-12-12,https://www.sec.gov/Archives/edgar/data/1730168/000119312519312797/d845915dex991.htm,0001193125-19-312797,8-K,2019-12-12,2026-10-01T12:40:12Z,96104ddc58a0cabe668aeb0b5fed4566d5fdb8b4f4cbe7344e924e26959353d4,"Revenue of $22,597 million for the fiscal year, up 8 percent from the",reported value differs from 24.5 by more than 0.5%,open,,,,,,,,,273,,2026-10-02,navneet,false,false,,false,false,false,,missed,sentence,,,,,,,,yes,"Excerpt states 'fiscal year 2019 revenue outlook of $24.5 billion', which matches the metric (revenue), period (FY2019), and value ($24.5 billion) exactly.",,,,,,,,"{""aid_flag_note"": """", ""assumption.metric"": ""revenue"", ""assumption.stated_at"": ""2019-03-14"", ""assumption.target_high"": ""24.5"", ""assumption.target_low"": ""24.5"", ""assumption.target_period"": ""FY2019"", ""assumption.text"": ""Maintaining fiscal year 2019 revenue outlook of $24.5 billion"", ""assumption.unit"": ""USD billions"", ""claim"": ""Broadcom Inc. expects revenue of $24.5 billion for FY2019."", ""conflict"": ""false"", ""invalidation_condition"": ""reported value differs from 24.5 by more than 0.5%""}"
01DD724M001HJDFFFE83GH93WH,Broadcom Inc.,AVGO,0001730168,Broadcom Inc. expects revenue of $22.5 billion for FY2019.,"Updating fiscal year 2019 guidance, including revenue outlook of $22.5 billion;",revenue,22.5,22.5,USD billions,FY2019,2019-06-13,https://www.sec.gov/Archives/edgar/data/1730168/000119312519172516/d763344dex991.htm,0001193125-19-172516,8-K,2019-06-13,2026-10-01T12:40:05Z,9d48a898dcd2eb5e0e34ddc40d9ced101ab1deef580cdb7b51006f998f4291f4,"Updating fiscal year 2019 guidance, including revenue outlook of $22.5 billion;",22.597,2019-12-12,https://www.sec.gov/Archives/edgar/data/1730168/000119312519312797/d845915dex991.htm,0001193125-19-312797,8-K,2019-12-12,2026-10-01T12:40:12Z,96104ddc58a0cabe668aeb0b5fed4566d5fdb8b4f4cbe7344e924e26959353d4,"Revenue of $22,597 million for the fiscal year, up 8 percent from the",reported value differs from 22.5 by more than 0.5%,open,,,,,,,,,182,,2026-10-02,navneet,false,false,,false,false,false,,met,sentence,,,,,,,,yes,"Excerpt states 'revenue outlook of $22.5 billion' for fiscal year 2019, matching the metric, value, and period exactly.",,,,,,,,"{""aid_flag_note"": """", ""assumption.metric"": ""revenue"", ""assumption.stated_at"": ""2019-06-13"", ""assumption.target_high"": ""22.5"", ""assumption.target_low"": ""22.5"", ""assumption.target_period"": ""FY2019"", ""assumption.text"": ""Updating fiscal year 2019 guidance, including revenue outlook of $22.5 billion;"", ""assumption.unit"": ""USD billions"", ""claim"": ""Broadcom Inc. expects revenue of $22.5 billion for FY2019."", ""conflict"": ""false"", ""invalidation_condition"": ""reported value differs from 22.5 by more than 0.5%""}"
01DHSTSK0095HMZPX8D2QDNX09,Broadcom Inc.,AVGO,0001730168,Broadcom Inc. expects revenue of $22.5 billion for FY2019.,Reaffirming Fiscal Year 2019 Revenue Guidance of $22.5 Billion; $17.5 Billion from Semiconductor Solutions and $5 Billion,revenue,22.5,22.5,USD billions,FY2019,2019-08-09,https://www.sec.gov/Archives/edgar/data/1730168/000119312519217369/d790567dex991.htm,0001193125-19-217369,8-K,2019-08-09,2026-10-01T12:40:07Z,69ad7bd0d4762df454b185368ebb78050286e8d693e963b95b41ee6823462b7d,Reaffirming Fiscal Year 2019 Revenue Guidance of $22.5 Billion; $17.5 Billion from Semiconductor Solutions and $5 Billion,22.597,2019-12-12,https://www.sec.gov/Archives/edgar/data/1730168/000119312519312797/d845915dex991.htm,0001193125-19-312797,8-K,2019-12-12,2026-10-01T12:40:12Z,96104ddc58a0cabe668aeb0b5fed4566d5fdb8b4f4cbe7344e924e26959353d4,"Revenue of $22,597 million for the fiscal year, up 8 percent from the",reported value differs from 22.5 by more than 0.5%,open,,,,,,,,,125,,2026-10-02,navneet,false,false,,false,false,false,,met,sentence,,,,,,,,yes,"Excerpt states 'Fiscal Year 2019 Revenue Guidance of $22.5 Billion', which exactly matches the metric (revenue), number ($22.5 billion), and period (FY2019).",,,,,,,,"{""aid_flag_note"": """", ""assumption.metric"": ""revenue"", ""assumption.stated_at"": ""2019-08-09"", ""assumption.target_high"": ""22.5"", ""assumption.target_low"": ""22.5"", ""assumption.target_period"": ""FY2019"", ""assumption.text"": ""Reaffirming Fiscal Year 2019 Revenue Guidance of $22.5 Billion; $17.5 Billion from Semiconductor Solutions and $5 Billion"", ""assumption.unit"": ""USD billions"", ""claim"": ""Broadcom Inc. expects revenue of $22.5 billion for FY2019."", ""conflict"": ""false"", ""invalidation_condition"": ""reported value differs from 22.5 by more than 0.5%""}"
01DMHCA100CJEX9NW0ZSGEY55K,Broadcom Inc.,AVGO,0001730168,Broadcom Inc. expects revenue of $22.5 billion for FY2019.,"Maintaining fiscal year 2019 guidance, including revenue outlook of $22.5 billion;",revenue,22.5,22.5,USD billions,FY2019,2019-09-12,https://www.sec.gov/Archives/edgar/data/1730168/000119312519243919/d800073dex991.htm,0001193125-19-243919,8-K,2019-09-12,2026-10-01T12:40:08Z,75c5b615373cf720fb0e7742a908ead61923cb395097bd4102c55bfaf4200a3d,"Maintaining fiscal year 2019 guidance, including revenue outlook of $22.5 billion;",22.597,2019-12-12,https://www.sec.gov/Archives/edgar/data/1730168/000119312519312797/d845915dex991.htm,0001193125-19-312797,8-K,2019-12-12,2026-10-01T12:40:12Z,96104ddc58a0cabe668aeb0b5fed4566d5fdb8b4f4cbe7344e924e26959353d4,"Revenue of $22,597 million for the fiscal year, up 8 percent from the",reported value differs from 22.5 by more than 0.5%,open,,,,,,,,,91,,2026-10-02,navneet,false,false,,false,false,false,,met,sentence,,,,,,,,yes,"Excerpt states 'revenue outlook of $22.5 billion' for 'fiscal year 2019', matching the metric, value, and period exactly.",,,,,,,,"{""aid_flag_note"": """", ""assumption.metric"": ""revenue"", ""assumption.stated_at"": ""2019-09-12"", ""assumption.target_high"": ""22.5"", ""assumption.target_low"": ""22.5"", ""assumption.target_period"": ""FY2019"", ""assumption.text"": ""Maintaining fiscal year 2019 guidance, including revenue outlook of $22.5 billion;"", ""assumption.unit"": ""USD billions"", ""claim"": ""Broadcom Inc. expects revenue of $22.5 billion for FY2019."", ""conflict"": ""false"", ""invalidation_condition"": ""reported value differs from 22.5 by more than 0.5%""}"
01ES4Z5200JCS1J0QGGKGD6QGK,Broadcom Inc.,AVGO,0001730168,Broadcom Inc. expects revenue of $6.6 billion for Q1 FY2021.,First quarter revenue guidance of approximately $6.6 billion; and,revenue,6.6,6.6,USD billions,Q1 FY2021,2020-12-10,https://www.sec.gov/Archives/edgar/data/1730168/000173016820000201/avgo-11012020x8kxex99.htm,0001730168-20-000201,8-K,2020-12-10,2026-10-01T12:40:27Z,11046444b41bc37eb6c43f57ea949ba8dc58853af52fea2e7f8e1b8781f98bdb,First quarter revenue guidance of approximately $6.6 billion; and,6.655,2021-03-04,https://www.sec.gov/Archives/edgar/data/1730168/000173016821000026/avgo-01312021x8kxex99.htm,0001730168-21-000026,8-K,2021-03-04,2026-10-01T12:40:33Z,65fd547fa0b59f63396a4367cfefd80efaa221bc8dd69dab51e9c31fc58b38ba,"Revenue of $6,655 million for the first quarter, up 14 percent from the prior year period",reported value differs from 6.6 by more than 0.5%,open,,,,,,,,,84,,2026-10-02,navneet,false,false,,false,false,false,,missed,sentence,First Quarter Fiscal Year 2021 Business Outlook,"Based on current business trends and conditions, the outlook for the first quarter of fiscal year 2021, ending January 31, 2021, is expected to be as follows:",,,,,,yes,"Excerpt states 'First quarter revenue guidance of approximately $6.6 billion' for Q1 FY2021 (ending January 31, 2021), matching the metric, value, and period exactly.",,,,,,,,"{""aid_flag_note"": """", ""assumption.metric"": ""revenue"", ""assumption.stated_at"": ""2020-12-10"", ""assumption.target_high"": ""6.6"", ""assumption.target_low"": ""6.6"", ""assumption.target_period"": ""Q1 FY2021"", ""assumption.text"": ""First quarter revenue guidance of approximately $6.6 billion; and"", ""assumption.unit"": ""USD billions"", ""claim"": ""Broadcom Inc. expects revenue of $6.6 billion for Q1 FY2021."", ""conflict"": ""false"", ""invalidation_condition"": ""reported value differs from 6.6 by more than 0.5%""}"
01EZX8HE00JX98CTPGPWHNRCNE,Broadcom Inc.,AVGO,0001730168,Broadcom Inc. expects revenue of $6.5 billion for Q2 FY2021.,Second quarter revenue guidance of approximately $6.5 billion; and,revenue,6.5,6.5,USD billions,Q2 FY2021,2021-03-04,https://www.sec.gov/Archives/edgar/data/1730168/000173016821000026/avgo-01312021x8kxex99.htm,0001730168-21-000026,8-K,2021-03-04,2026-10-01T12:40:33Z,65fd547fa0b59f63396a4367cfefd80efaa221bc8dd69dab51e9c31fc58b38ba,Second quarter revenue guidance of approximately $6.5 billion; and,6.61,2021-06-03,https://www.sec.gov/Archives/edgar/data/1730168/000173016821000110/avgo-05022021x8kxex99.htm,0001730168-21-000110,8-K,2021-06-03,2026-10-01T12:40:36Z,7050e84c5f0b22c551c82f3b34481eb40552676ebf9d8991ae083decee3549d6,"Revenue of $6,610 million for the second quarter, up 15 percent from the prior year period",reported value differs from 6.5 by more than 0.5%,open,,,,,,,,,91,,2026-10-02,navneet,false,false,,false,false,false,,missed,sentence,Second Quarter Fiscal Year 2021 Business Outlook,"Based on current business trends and conditions, the outlook for the second quarter of fiscal year 2021, ending May 2, 2021, is expected to be as follows:",,,,,,yes,"The excerpt states 'Second quarter revenue guidance of approximately $6.5 billion' for Q2 FY2021 (ending May 2, 2021), which matches the metric (revenue), number ($6.5 billion), and period (Q2 FY2021)",,,,,,,,"{""aid_flag_note"": """", ""assumption.metric"": ""revenue"", ""assumption.stated_at"": ""2021-03-04"", ""assumption.target_high"": ""6.5"", ""assumption.target_low"": ""6.5"", ""assumption.target_period"": ""Q2 FY2021"", ""assumption.text"": ""Second quarter revenue guidance of approximately $6.5 billion; and"", ""assumption.unit"": ""USD billions"", ""claim"": ""Broadcom Inc. expects revenue of $6.5 billion for Q2 FY2021."", ""conflict"": ""false"", ""invalidation_condition"": ""reported value differs from 6.5 by more than 0.5%""}"
01F77JPV00EPKY2RHB18XGE8VS,Broadcom Inc.,AVGO,0001730168,Broadcom Inc. expects revenue of $6.75 billion for Q3 FY2021.,a.Third quarter revenue guidance of approximately $6.75 billion; and,revenue,6.75,6.75,USD billions,Q3 FY2021,2021-06-03,https://www.sec.gov/Archives/edgar/data/1730168/000173016821000110/avgo-05022021x8kxex99.htm,0001730168-21-000110,8-K,2021-06-03,2026-10-01T12:40:36Z,7050e84c5f0b22c551c82f3b34481eb40552676ebf9d8991ae083decee3549d6,a.Third quarter revenue guidance of approximately $6.75 billion; and,6.778,2021-09-02,https://www.sec.gov/Archives/edgar/data/1730168/000173016821000121/avgo-08012021x8kxex99.htm,0001730168-21-000121,8-K,2021-09-02,2026-10-01T12:40:37Z,99d81c78c270562de5421607e6ab56333bdda6d868bc8c865978f47ac4affd9c,"Revenue of $6,778 million for the third quarter, up 16 percent from the prior year period",reported value differs from 6.75 by more than 0.5%,open,,,,,,,,,91,,2026-10-02,navneet,false,false,,false,false,false,,met,sentence,Third Quarter Fiscal Year 2021 Business Outlook,"Based on current business trends and conditions, the outlook for the third quarter of fiscal year 2021, ending August 1, 2021, is expected to be as follows:",,,,,,yes,"Excerpt states 'Third quarter revenue guidance of approximately $6.75 billion' for Q3 FY2021 ending August 1, 2021, which matches the metric, number, and period exactly.",,,,,,,,"{""aid_flag_note"": """", ""assumption.metric"": ""revenue"", ""assumption.stated_at"": ""2021-06-03"", ""assumption.target_high"": ""6.75"", ""assumption.target_low"": ""6.75"", ""assumption.target_period"": ""Q3 FY2021"", ""assumption.text"": ""a.Third quarter revenue guidance of approximately $6.75 billion; and"", ""assumption.unit"": ""USD billions"", ""claim"": ""Broadcom Inc. expects revenue of $6.75 billion for Q3 FY2021."", ""conflict"": ""false"", ""invalidation_condition"": ""reported value differs from 6.75 by more than 0.5%""}"
01FEHWW80020KFVVDQ8R4YFRAD,Broadcom Inc.,AVGO,0001730168,Broadcom Inc. expects revenue of $7.35 billion for Q4 FY2021.,Fourth quarter revenue guidance of approximately $7.35 billion; and,revenue,7.35,7.35,USD billions,Q4 FY2021,2021-09-02,https://www.sec.gov/Archives/edgar/data/1730168/000173016821000121/avgo-08012021x8kxex99.htm,0001730168-21-000121,8-K,2021-09-02,2026-10-01T12:40:37Z,99d81c78c270562de5421607e6ab56333bdda6d868bc8c865978f47ac4affd9c,Fourth quarter revenue guidance of approximately $7.35 billion; and,7.407,2021-12-09,https://www.sec.gov/Archives/edgar/data/1730168/000173016821000148/avgo-10312021x8kxex99.htm,0001730168-21-000148,8-K,2021-12-09,2026-10-01T12:40:40Z,cb048bb02e1bbf889386fe92afd3a36047c110708d3fca20e8780a5945e5d6f4,"Revenue of $7,407 million for the fourth quarter, up 15 percent from the prior year period",reported value differs from 7.35 by more than 0.5%,open,,,,,,,,,98,,2026-10-02,navneet,false,false,,false,false,false,,missed,sentence,Fourth Quarter Fiscal Year 2021 Business Outlook,"Based on current business trends and conditions, the outlook for the fourth quarter of fiscal year 2021, ending October 31, 2021, is expected to be as follows:",,,,,,yes,"Excerpt states 'Fourth quarter revenue guidance of approximately $7.35 billion' for Q4 FY2021 (ending October 31, 2021), matching the metric, value, and period exactly.",,,,,,,,"{""aid_flag_note"": """", ""assumption.metric"": ""revenue"", ""assumption.stated_at"": ""2021-09-02"", ""assumption.target_high"": ""7.35"", ""assumption.target_low"": ""7.35"", ""assumption.target_period"": ""Q4 FY2021"", ""assumption.text"": ""Fourth quarter revenue guidance of approximately $7.35 billion; and"", ""assumption.unit"": ""USD billions"", ""claim"": ""Broadcom Inc. expects revenue of $7.35 billion for Q4 FY2021."", ""conflict"": ""false"", ""invalidation_condition"": ""reported value differs from 7.35 by more than 0.5%""}"
01FPE7TP001E52TF2M6PTJA22Z,Broadcom Inc.,AVGO,0001730168,Broadcom Inc. expects revenue of $7.6 billion for Q1 FY2022.,First quarter revenue guidance of approximately $7.6 billion; and,revenue,7.6,7.6,USD billions,Q1 FY2022,2021-12-09,https://www.sec.gov/Archives/edgar/data/1730168/000173016821000148/avgo-10312021x8kxex99.htm,0001730168-21-000148,8-K,2021-12-09,2026-10-01T12:40:40Z,cb048bb02e1bbf889386fe92afd3a36047c110708d3fca20e8780a5945e5d6f4,First quarter revenue guidance of approximately $7.6 billion; and,7.706,2022-03-03,https://www.sec.gov/Archives/edgar/data/1730168/000173016822000015/avgo-01302022x8kxex99.htm,0001730168-22-000015,8-K,2022-03-03,2026-10-01T12:40:42Z,63211d2f35dee88005b483378ecb5f1f4160d09a4772b2d9d27e092691157010,"Revenue of $7,706 million for the first quarter, up 16 percent from the prior year period",reported value differs from 7.6 by more than 0.5%,open,,,,,,,,,84,,2026-10-02,navneet,false,false,,false,false,false,,missed,sentence,First Quarter Fiscal Year 2022 Business Outlook,"Based on current business trends and conditions, the outlook for the first quarter of fiscal year 2022, ending January 30, 2022, is expected to be as follows:",,,,,,yes,"Excerpt states 'First quarter revenue guidance of approximately $7.6 billion' for Q1 FY2022 ending January 30, 2022, matching the metric, value, and period exactly.",,,,,,,,"{""aid_flag_note"": """", ""assumption.metric"": ""revenue"", ""assumption.stated_at"": ""2021-12-09"", ""assumption.target_high"": ""7.6"", ""assumption.target_low"": ""7.6"", ""assumption.target_period"": ""Q1 FY2022"", ""assumption.text"": ""First quarter revenue guidance of approximately $7.6 billion; and"", ""assumption.unit"": ""USD billions"", ""claim"": ""Broadcom Inc. expects revenue of $7.6 billion for Q1 FY2022."", ""conflict"": ""false"", ""invalidation_condition"": ""reported value differs from 7.6 by more than 0.5%""}"
01FX6H72003AQDSWP2BCTHWDCP,Broadcom Inc.,AVGO,0001730168,Broadcom Inc. expects revenue of $7.9 billion for Q2 FY2022.,Second quarter revenue guidance of approximately $7.9 billion; and,revenue,7.9,7.9,USD billions,Q2 FY2022,2022-03-03,https://www.sec.gov/Archives/edgar/data/1730168/000173016822000015/avgo-01302022x8kxex99.htm,0001730168-22-000015,8-K,2022-03-03,2026-10-01T12:40:42Z,63211d2f35dee88005b483378ecb5f1f4160d09a4772b2d9d27e092691157010,Second quarter revenue guidance of approximately $7.9 billion; and,8.103,2022-05-26,https://www.sec.gov/Archives/edgar/data/1730168/000119312522160304/d262320dex991.htm,0001193125-22-160304,8-K,2022-05-26,2026-10-01T12:40:45Z,08325eff6bfc41708cf080ce3037c8d487987e4b3bbad2b3850adb87dda08c2a,"Revenue of $8,103 million for the second quarter, up 23 percent from the",reported value differs from 7.9 by more than 0.5%,open,,,,,,,,,84,,2026-10-02,navneet,false,false,,false,false,false,,missed,sentence,Second Quarter Fiscal Year 2022 Business Outlook,"Based on current business trends and conditions, the outlook for the second quarter of fiscal year 2022, ending May 1, 2022, is expected to be as follows:",,,,,,yes,"The excerpt states 'Second quarter revenue guidance of approximately $7.9 billion' for Q2 FY2022 (ending May 1, 2022), which matches the metric (revenue), number ($7.9 billion), and period (Q2 FY2022)",,,,,,,,"{""aid_flag_note"": """", ""assumption.metric"": ""revenue"", ""assumption.stated_at"": ""2022-03-03"", ""assumption.target_high"": ""7.9"", ""assumption.target_low"": ""7.9"", ""assumption.target_period"": ""Q2 FY2022"", ""assumption.text"": ""Second quarter revenue guidance of approximately $7.9 billion; and"", ""assumption.unit"": ""USD billions"", ""claim"": ""Broadcom Inc. expects revenue of $7.9 billion for Q2 FY2022."", ""conflict"": ""false"", ""invalidation_condition"": ""reported value differs from 7.9 by more than 0.5%""}"
01G3YTKE004JDYMMG94WFWQ6FC,Broadcom Inc.,AVGO,0001730168,Broadcom Inc. expects revenue of $8.4 billion for Q3 FY2022.,Third quarter revenue guidance of approximately $8.4 billion; and,revenue,8.4,8.4,USD billions,Q3 FY2022,2022-05-26,https://www.sec.gov/Archives/edgar/data/1730168/000119312522160304/d262320dex991.htm,0001193125-22-160304,8-K,2022-05-26,2026-10-01T12:40:45Z,08325eff6bfc41708cf080ce3037c8d487987e4b3bbad2b3850adb87dda08c2a,Third quarter revenue guidance of approximately $8.4 billion; and,8.464,2022-09-01,https://www.sec.gov/Archives/edgar/data/1730168/000173016822000091/avgo-07312022x8kxex99.htm,0001730168-22-000091,8-K,2022-09-01,2026-10-01T12:40:50Z,c206aef505edbd7440357b4dec1319e1919e5e380460830bbcccbe492270ff1a,"Revenue of $8,464 million for the third quarter, up 25 percent from the prior year period",reported value differs from 8.4 by more than 0.5%,open,,,,,,,,,98,,2026-10-02,navneet,false,false,,false,false,false,,missed,sentence,,"current business trends and conditions, the outlook for the third quarter of fiscal year 2022, ending July 31, 2022, is expected to be as follows:",,,,,,yes,"Excerpt states 'Third quarter revenue guidance of approximately $8.4 billion' for Q3 FY2022 (ending July 31, 2022), matching the metric, number, and period exactly.",,,,,,,,"{""aid_flag_note"": """", ""assumption.metric"": ""revenue"", ""assumption.stated_at"": ""2022-05-26"", ""assumption.target_high"": ""8.4"", ""assumption.target_low"": ""8.4"", ""assumption.target_period"": ""Q3 FY2022"", ""assumption.text"": ""Third quarter revenue guidance of approximately $8.4 billion; and"", ""assumption.unit"": ""USD billions"", ""claim"": ""Broadcom Inc. expects revenue of $8.4 billion for Q3 FY2022."", ""conflict"": ""false"", ""invalidation_condition"": ""reported value differs from 8.4 by more than 0.5%""}"
01GBV5HW00Z6D8JWC7SDDZEKZX,Broadcom Inc.,AVGO,0001730168,Broadcom Inc. expects revenue of $8.9 billion for Q4 FY2022.,Fourth quarter revenue guidance of approximately $8.9 billion; and,revenue,8.9,8.9,USD billions,Q4 FY2022,2022-09-01,https://www.sec.gov/Archives/edgar/data/1730168/000173016822000091/avgo-07312022x8kxex99.htm,0001730168-22-000091,8-K,2022-09-01,2026-10-01T12:40:50Z,c206aef505edbd7440357b4dec1319e1919e5e380460830bbcccbe492270ff1a,Fourth quarter revenue guidance of approximately $8.9 billion; and,8.93,2022-12-08,https://www.sec.gov/Archives/edgar/data/1730168/000173016822000110/avgo-10302022x8kxex99.htm,0001730168-22-000110,8-K,2022-12-08,2026-10-01T12:40:52Z,f7d958b892f324b765569aed457282b32e37bfd277806c49536b27e33e2cdaaa,"Revenue of $8,930 million for the fourth quarter, up 21 percent from the prior year period",reported value differs from 8.9 by more than 0.5%,open,,,,,,,,,98,,2026-10-02,navneet,false,false,,false,false,false,,met,sentence,Fourth Quarter Fiscal Year 2022 Business Outlook,"Based on current business trends and conditions, the outlook for the fourth quarter of fiscal year 2022, ending October 30, 2022, is expected to be as follows:",,,,,,yes,"Excerpt states 'Fourth quarter revenue guidance of approximately $8.9 billion' for Q4 FY2022 ending October 30, 2022, matching the metric, value, and period exactly.",,,,,,,,"{""aid_flag_note"": """", ""assumption.metric"": ""revenue"", ""assumption.stated_at"": ""2022-09-01"", ""assumption.target_high"": ""8.9"", ""assumption.target_low"": ""8.9"", ""assumption.target_period"": ""Q4 FY2022"", ""assumption.text"": ""Fourth quarter revenue guidance of approximately $8.9 billion; and"", ""assumption.unit"": ""USD billions"", ""claim"": ""Broadcom Inc. expects revenue of $8.9 billion for Q4 FY2022."", ""conflict"": ""false"", ""invalidation_condition"": ""reported value differs from 8.9 by more than 0.5%""}"
01GKQGGA0012C36Y3YY86PDZ91,Broadcom Inc.,AVGO,0001730168,Broadcom Inc. expects revenue of $8.9 billion for Q1 FY2023.,First quarter revenue guidance of approximately $8.9 billion; and,revenue,8.9,8.9,USD billions,Q1 FY2023,2022-12-08,https://www.sec.gov/Archives/edgar/data/1730168/000173016822000110/avgo-10302022x8kxex99.htm,0001730168-22-000110,8-K,2022-12-08,2026-10-01T12:40:52Z,f7d958b892f324b765569aed457282b32e37bfd277806c49536b27e33e2cdaaa,First quarter revenue guidance of approximately $8.9 billion; and,8.915,2023-03-02,https://www.sec.gov/Archives/edgar/data/1730168/000173016823000004/avgo-01292023x8kxex99.htm,0001730168-23-000004,8-K,2023-03-02,2026-10-01T12:40:53Z,31a3349bbccc0565b1003605b41477157a66e9e083e63bcbc5c16272faacd42e,"Revenue of $8,915 million for the first quarter, up 16 percent from the prior year period",reported value differs from 8.9 by more than 0.5%,open,,,,,,,,,84,,2026-10-02,navneet,false,false,,false,false,false,,met,sentence,First Quarter Fiscal Year 2023 Business Outlook,"Based on current business trends and conditions, the outlook for the first quarter of fiscal year 2023, ending January 29, 2023, is expected to be as follows:",,,,,,yes,"Excerpt states 'First quarter revenue guidance of approximately $8.9 billion' for Q1 FY2023 ending January 29, 2023, which matches the metric (revenue), number ($8.9 billion), unit (USD billions), and",,,,,,,,"{""aid_flag_note"": """", ""assumption.metric"": ""revenue"", ""assumption.stated_at"": ""2022-12-08"", ""assumption.target_high"": ""8.9"", ""assumption.target_low"": ""8.9"", ""assumption.target_period"": ""Q1 FY2023"", ""assumption.text"": ""First quarter revenue guidance of approximately $8.9 billion; and"", ""assumption.unit"": ""USD billions"", ""claim"": ""Broadcom Inc. expects revenue of $8.9 billion for Q1 FY2023."", ""conflict"": ""false"", ""invalidation_condition"": ""reported value differs from 8.9 by more than 0.5%""}"
01GTFSWP00MQFN5B9QDR37C0GB,Broadcom Inc.,AVGO,0001730168,Broadcom Inc. expects revenue of $8.7 billion for Q2 FY2023.,Second quarter revenue guidance of approximately $8.7 billion; and,revenue,8.7,8.7,USD billions,Q2 FY2023,2023-03-02,https://www.sec.gov/Archives/edgar/data/1730168/000173016823000004/avgo-01292023x8kxex99.htm,0001730168-23-000004,8-K,2023-03-02,2026-10-01T12:40:53Z,31a3349bbccc0565b1003605b41477157a66e9e083e63bcbc5c16272faacd42e,Second quarter revenue guidance of approximately $8.7 billion; and,8.733,2023-06-01,https://www.sec.gov/Archives/edgar/data/1730168/000173016823000062/avgo-04302023x8kxex99.htm,0001730168-23-000062,8-K,2023-06-01,2026-10-01T12:40:55Z,f873ecbbb333a376323748dd05f0241a15ae712aea08b2ff38fd34cc18d093b4,"Revenue of $8,733 million for the second quarter, up 8 percent from the prior year period",reported value differs from 8.7 by more than 0.5%,open,,,,,,,,,91,,2026-10-02,navneet,false,false,,false,false,false,,met,sentence,Second Quarter Fiscal Year 2023 Business Outlook,"Based on current business trends and conditions, the outlook for the second quarter of fiscal year 2023, ending April 30, 2023, is expected to be as follows:",,,,,,yes,"The excerpt states 'Second quarter revenue guidance of approximately $8.7 billion' for Q2 FY2023 (ending April 30, 2023), which matches the metric (revenue), number ($8.7 billion), unit (USD billions)",,,,,,,,"{""aid_flag_note"": """", ""assumption.metric"": ""revenue"", ""assumption.stated_at"": ""2023-03-02"", ""assumption.target_high"": ""8.7"", ""assumption.target_low"": ""8.7"", ""assumption.target_period"": ""Q2 FY2023"", ""assumption.text"": ""Second quarter revenue guidance of approximately $8.7 billion; and"", ""assumption.unit"": ""USD billions"", ""claim"": ""Broadcom Inc. expects revenue of $8.7 billion for Q2 FY2023."", ""conflict"": ""false"", ""invalidation_condition"": ""reported value differs from 8.7 by more than 0.5%""}"
01H1T423009Y5FYRSS6D2Y7289,Broadcom Inc.,AVGO,0001730168,Broadcom Inc. expects revenue of $8.85 billion for Q3 FY2023.,Third quarter revenue guidance of approximately $8.85 billion; and,revenue,8.85,8.85,USD billions,Q3 FY2023,2023-06-01,https://www.sec.gov/Archives/edgar/data/1730168/000173016823000062/avgo-04302023x8kxex99.htm,0001730168-23-000062,8-K,2023-06-01,2026-10-01T12:40:55Z,f873ecbbb333a376323748dd05f0241a15ae712aea08b2ff38fd34cc18d093b4,Third quarter revenue guidance of approximately $8.85 billion; and,8.876,2023-08-31,https://www.sec.gov/Archives/edgar/data/1730168/000173016823000074/avgo-07302023x8kxex99.htm,0001730168-23-000074,8-K,2023-08-31,2026-10-01T12:40:57Z,e0d112aa3328fa78f99f03757a8e5730a46e6af574451898368c88bdc2e73a47,"Revenue of $8,876 million for the third quarter, up 5 percent from the prior year period",reported value differs from 8.85 by more than 0.5%,open,,,,,,,,,91,,2026-10-02,navneet,false,false,,false,false,false,,met,sentence,Third Quarter Fiscal Year 2023 Business Outlook,"Based on current business trends and conditions, the outlook for the third quarter of fiscal year 2023, ending July 30, 2023, is expected to be as follows:",,,,,,yes,"The excerpt states 'Third quarter revenue guidance of approximately $8.85 billion' for Q3 FY2023 (ending July 30, 2023), which matches the metric (revenue), number ($8.85 billion), unit (USD billions)",,,,,,,,"{""aid_flag_note"": """", ""assumption.metric"": ""revenue"", ""assumption.stated_at"": ""2023-06-01"", ""assumption.target_high"": ""8.85"", ""assumption.target_low"": ""8.85"", ""assumption.target_period"": ""Q3 FY2023"", ""assumption.text"": ""Third quarter revenue guidance of approximately $8.85 billion; and"", ""assumption.unit"": ""USD billions"", ""claim"": ""Broadcom Inc. expects revenue of $8.85 billion for Q3 FY2023."", ""conflict"": ""false"", ""invalidation_condition"": ""reported value differs from 8.85 by more than 0.5%""}"
01H94E7G00JK4TFJSZ56F09DYG,Broadcom Inc.,AVGO,0001730168,Broadcom Inc. expects revenue of $9.27 billion for Q4 FY2023.,Fourth quarter revenue guidance of approximately $9.27 billion; and,revenue,9.27,9.27,USD billions,Q4 FY2023,2023-08-31,https://www.sec.gov/Archives/edgar/data/1730168/000173016823000074/avgo-07302023x8kxex99.htm,0001730168-23-000074,8-K,2023-08-31,2026-10-01T12:40:57Z,e0d112aa3328fa78f99f03757a8e5730a46e6af574451898368c88bdc2e73a47,Fourth quarter revenue guidance of approximately $9.27 billion; and,9.295,2023-12-07,https://www.sec.gov/Archives/edgar/data/1730168/000173016823000093/avgo-10292023x8kxex99.htm,0001730168-23-000093,8-K,2023-12-07,2026-10-01T12:41:00Z,c3afecf9caae2215effc486ed9d325c39c9f687b9b2d708c72e444461a67f80f,"Revenue of $9,295 million for the fourth quarter, up 4 percent from the prior year period",reported value differs from 9.27 by more than 0.5%,open,,,,,,,,,98,,2026-10-02,navneet,false,false,,false,false,false,,met,sentence,Fourth Quarter Fiscal Year 2023 Business Outlook,"Based on current business trends and conditions, the outlook for the fourth quarter of fiscal year 2023, ending October 29, 2023, is expected to be as follows:",,,,,,yes,"The excerpt states 'Fourth quarter revenue guidance of approximately $9.27 billion' for Q4 FY2023 (ending October 29, 2023), which matches the metric (revenue), number ($9.27 billion), unit (USD billi",,,,,,,,"{""aid_flag_note"": """", ""assumption.metric"": ""revenue"", ""assumption.stated_at"": ""2023-08-31"", ""assumption.target_high"": ""9.27"", ""assumption.target_low"": ""9.27"", ""assumption.target_period"": ""Q4 FY2023"", ""assumption.text"": ""Fourth quarter revenue guidance of approximately $9.27 billion; and"", ""assumption.unit"": ""USD billions"", ""claim"": ""Broadcom Inc. expects revenue of $9.27 billion for Q4 FY2023."", ""conflict"": ""false"", ""invalidation_condition"": ""reported value differs from 9.27 by more than 0.5%""}"
01HH0S5Y00NEJV9FH8DMRERJ0R,Broadcom Inc.,AVGO,0001730168,Broadcom Inc. expects revenue of $50 billion for FY2024.,Fiscal year 2024 revenue guidance of approximately $50.0 billion; and,revenue,50.0,50.0,USD billions,FY2024,2023-12-07,https://www.sec.gov/Archives/edgar/data/1730168/000173016823000093/avgo-10292023x8kxex99.htm,0001730168-23-000093,8-K,2023-12-07,2026-10-01T12:41:00Z,c3afecf9caae2215effc486ed9d325c39c9f687b9b2d708c72e444461a67f80f,Fiscal year 2024 revenue guidance of approximately $50.0 billion; and,51.574,2024-12-12,https://www.sec.gov/Archives/edgar/data/1730168/000173016824000125/avgo-11032024x8kxex99.htm,0001730168-24-000125,8-K,2024-12-12,2026-10-01T12:41:08Z,3995af3b2a3fa49efbbe316f8f74be2b3e97e906127b7274d28e0de625c3e181,"Net revenue $ 51,574 $ 35,819 +44 % $ 51,574 $ 35,819 +44 %",reported value differs from 50 by more than 0.5%,open,,,,,,,,,371,,2026-10-02,navneet,false,false,,false,false,false,,missed,sentence,Fiscal Year 2024 Business Outlook,"Based on current business trends and conditions, the outlook for continuing operations for fiscal year 2024, ending November 3, 2024, including contributions from VMware, is expected to be as follows:",,,,,,yes,"The excerpt states 'Fiscal year 2024 revenue guidance of approximately $50.0 billion', which matches the metric (revenue), period (FY2024), and number ($50.0 billion, equivalent to $50 billion).",,,,,,,,"{""aid_flag_note"": """", ""assumption.metric"": ""revenue"", ""assumption.stated_at"": ""2023-12-07"", ""assumption.target_high"": ""50.0"", ""assumption.target_low"": ""50.0"", ""assumption.target_period"": ""FY2024"", ""assumption.text"": ""Fiscal year 2024 revenue guidance of approximately $50.0 billion; and"", ""assumption.unit"": ""USD billions"", ""claim"": ""Broadcom Inc. expects revenue of $50 billion for FY2024."", ""conflict"": ""false"", ""invalidation_condition"": ""reported value differs from 50 by more than 0.5%""}"
01HRB3BB000XYRTW2BKY1WSKBY,Broadcom Inc.,AVGO,0001730168,Broadcom Inc. expects revenue of $50 billion for FY2024.,Fiscal year 2024 revenue guidance of approximately $50.0 billion; and,revenue,50.0,50.0,USD billions,FY2024,2024-03-07,https://www.sec.gov/Archives/edgar/data/1730168/000173016824000012/avgo-02042024x8kxex99.htm,0001730168-24-000012,8-K,2024-03-07,2026-10-01T12:41:02Z,0c9b2156270c9acbe8f7ac80731e6de12eb00872b43efb13ac60fe044a192469,Fiscal year 2024 revenue guidance of approximately $50.0 billion; and,51.574,2024-12-12,https://www.sec.gov/Archives/edgar/data/1730168/000173016824000125/avgo-11032024x8kxex99.htm,0001730168-24-000125,8-K,2024-12-12,2026-10-01T12:41:08Z,3995af3b2a3fa49efbbe316f8f74be2b3e97e906127b7274d28e0de625c3e181,"Net revenue $ 51,574 $ 35,819 +44 % $ 51,574 $ 35,819 +44 %",reported value differs from 50 by more than 0.5%,open,,,,,,,,,280,,2026-10-02,navneet,false,false,,false,false,false,,missed,sentence,Fiscal Year 2024 Business Outlook,"Based on current business trends and conditions, the outlook for continuing operations for fiscal year 2024, ending November 3, 2024, including the contribution from VMware, is expected to be as follows:",,,,,,yes,"The excerpt states 'Fiscal year 2024 revenue guidance of approximately $50.0 billion', which matches the metric (revenue), period (FY2024), and number ($50.0 billion ≈ $50 billion) exactly.",,,,,,,,"{""aid_flag_note"": """", ""assumption.metric"": ""revenue"", ""assumption.stated_at"": ""2024-03-07"", ""assumption.target_high"": ""50.0"", ""assumption.target_low"": ""50.0"", ""assumption.target_period"": ""FY2024"", ""assumption.text"": ""Fiscal year 2024 revenue guidance of approximately $50.0 billion; and"", ""assumption.unit"": ""USD billions"", ""claim"": ""Broadcom Inc. expects revenue of $50 billion for FY2024."", ""conflict"": ""false"", ""invalidation_condition"": ""reported value differs from 50 by more than 0.5%""}"
01J04VX200AWVKBH69YZK3WMYH,Broadcom Inc.,AVGO,0001730168,Broadcom Inc. expects revenue of $51 billion for FY2024.,"Infrastructure software revenue accelerated as more enterprises adopted the VMware software stack to build their own private clouds,” said Hock Tan, President and CEO of Broadcom Inc. “We are raising our fiscal year 2024 guidance for consolidated revenue to $51 billion and adjusted EBITDA to 61% of revenue.”",revenue,51.0,51.0,USD billions,FY2024,2024-06-12,https://www.sec.gov/Archives/edgar/data/1730168/000173016824000077/avgo-05052024x8kxex99.htm,0001730168-24-000077,8-K,2024-06-12,2026-10-01T12:41:04Z,e97237166db35745b07076cbe855c3870606116666ed347a972c38861f5fd9b7,"Infrastructure software revenue accelerated as more enterprises adopted the VMware software stack to build their own private clouds,” said Hock Tan, President and CEO of Broadcom Inc. “We are raising our fiscal year 2024 guidance for consolidated revenue to $51 billion and adjusted EBITDA to 61% of revenue.”",51.574,2024-12-12,https://www.sec.gov/Archives/edgar/data/1730168/000173016824000125/avgo-11032024x8kxex99.htm,0001730168-24-000125,8-K,2024-12-12,2026-10-01T12:41:08Z,3995af3b2a3fa49efbbe316f8f74be2b3e97e906127b7274d28e0de625c3e181,"Net revenue $ 51,574 $ 35,819 +44 % $ 51,574 $ 35,819 +44 %",reported value differs from 51 by more than 0.5%,open,,,,,,,,,183,,2026-10-02,navneet,false,false,,false,false,false,,missed,sentence,,,,,,,,yes,"The excerpt states 'We are raising our fiscal year 2024 guidance for consolidated revenue to $51 billion', which matches the metric (revenue), period (FY2024), and number ($51 billion) exactly.",,,,,,,,"{""aid_flag_note"": """", ""assumption.metric"": ""revenue"", ""assumption.stated_at"": ""2024-06-12"", ""assumption.target_high"": ""51.0"", ""assumption.target_low"": ""51.0"", ""assumption.target_period"": ""FY2024"", ""assumption.text"": ""Infrastructure software revenue accelerated as more enterprises adopted the VMware software stack to build their own private clouds,\u201d said Hock Tan, President and CEO of Broadcom Inc. \u201cWe are raising our fiscal year 2024 guidance for consolidated revenue to $51 billion and adjusted EBITDA to 61% of revenue.\u201d"", ""assumption.unit"": ""USD billions"", ""claim"": ""Broadcom Inc. expects revenue of $51 billion for FY2024."", ""conflict"": ""false"", ""invalidation_condition"": ""reported value differs from 51 by more than 0.5%""}"
01J6ZQP500VC4RKEDXQBYBHK6E,Broadcom Inc.,AVGO,0001730168,Broadcom Inc. expects operating margin non-GAAP of 64% for Q4 FY2024.,Fourth quarter fiscal year 2024 Adjusted EBITDA guidance of approximately 64 percent of projected revenue (2),operating margin non-GAAP,64.0,64.0,percent,Q4 FY2024,2024-09-05,https://www.sec.gov/Archives/edgar/data/1730168/000173016824000095/avgo-08042024x8kxex99.htm,0001730168-24-000095,8-K,2024-09-05,2026-10-01T12:41:06Z,8409aa41b1ef7869cd3155e4abcbd97ad5a2c730f450443e2ee937cd898710e6,Fourth quarter fiscal year 2024 Adjusted EBITDA guidance of approximately 64 percent of projected revenue (2),,,,,,,,,,reported value differs from 64 by more than 0.5%,open,,,,,,,,,,,2026-10-02,navneet,false,false,,false,false,false,,unresolved,sentence,,,,,the matching release has no line naming the metric with a number,,,yes,The excerpt states 'Fourth quarter fiscal year 2024 Adjusted EBITDA guidance of approximately 64 percent' which matches the Q4 FY2024 period and 64% figure for non-GAAP operating margin (Adjusted EBIT,,,,,,,,"{""aid_flag_note"": """", ""assumption.metric"": ""operating margin non-GAAP"", ""assumption.stated_at"": ""2024-09-05"", ""assumption.target_high"": ""64.0"", ""assumption.target_low"": ""64.0"", ""assumption.target_period"": ""Q4 FY2024"", ""assumption.text"": ""Fourth quarter fiscal year 2024 Adjusted EBITDA guidance of approximately 64 percent of projected revenue (2)"", ""assumption.unit"": ""percent"", ""claim"": ""Broadcom Inc. expects operating margin non-GAAP of 64% for Q4 FY2024."", ""conflict"": ""false"", ""invalidation_condition"": ""reported value differs from 64 by more than 0.5%""}"
01J6ZQP5003H242HY40FCNPB0X,Broadcom Inc.,AVGO,0001730168,Broadcom Inc. expects operating margin non-GAAP of 64% for FY2024.,The integration of VMware is driving adjusted EBITDA margin to 64% of revenue as we exit fiscal year 2024.”,operating margin non-GAAP,64.0,64.0,percent,FY2024,2024-09-05,https://www.sec.gov/Archives/edgar/data/1730168/000173016824000095/avgo-08042024x8kxex99.htm,0001730168-24-000095,8-K,2024-09-05,2026-10-01T12:41:06Z,8409aa41b1ef7869cd3155e4abcbd97ad5a2c730f450443e2ee937cd898710e6,The integration of VMware is driving adjusted EBITDA margin to 64% of revenue as we exit fiscal year 2024.”,,,,,,,,,,reported value differs from 64 by more than 0.5%,open,,,,,,,,,,,2026-10-02,navneet,false,false,,false,false,false,,unresolved,sentence,,,,,the matching release has no line naming the metric with a number,,,yes,"The excerpt states 'adjusted EBITDA margin to 64% of revenue as we exit fiscal year 2024,' which matches the claimed operating margin non-GAAP of 64% for FY2024. Adjusted EBITDA margin is a non-GAAP o",,,,,,,,"{""aid_flag_note"": """", ""assumption.metric"": ""operating margin non-GAAP"", ""assumption.stated_at"": ""2024-09-05"", ""assumption.target_high"": ""64.0"", ""assumption.target_low"": ""64.0"", ""assumption.target_period"": ""FY2024"", ""assumption.text"": ""The integration of VMware is driving adjusted EBITDA margin to 64% of revenue as we exit fiscal year 2024.\u201d"", ""assumption.unit"": ""percent"", ""claim"": ""Broadcom Inc. expects operating margin non-GAAP of 64% for FY2024."", ""conflict"": ""false"", ""invalidation_condition"": ""reported value differs from 64 by more than 0.5%""}"
01J6ZQP500EZRGHR97QKFRJ31A,Broadcom Inc.,AVGO,0001730168,Broadcom Inc. expects revenue of $14 billion for Q4 FY2024.,Fourth quarter revenue guidance of approximately $14.0 billion; and,revenue,14.0,14.0,USD billions,Q4 FY2024,2024-09-05,https://www.sec.gov/Archives/edgar/data/1730168/000173016824000095/avgo-08042024x8kxex99.htm,0001730168-24-000095,8-K,2024-09-05,2026-10-01T12:41:06Z,8409aa41b1ef7869cd3155e4abcbd97ad5a2c730f450443e2ee937cd898710e6,Fourth quarter revenue guidance of approximately $14.0 billion; and,14.054,2024-12-12,https://www.sec.gov/Archives/edgar/data/1730168/000173016824000125/avgo-11032024x8kxex99.htm,0001730168-24-000125,8-K,2024-12-12,2026-10-01T12:41:08Z,3995af3b2a3fa49efbbe316f8f74be2b3e97e906127b7274d28e0de625c3e181,"Revenue of $14,054 million for the fourth quarter, up 51 percent from the prior year period",reported value differs from 14 by more than 0.5%,open,,,,,,,,,98,,2026-10-02,navneet,false,false,,false,false,false,,met,sentence,Fourth Quarter Fiscal Year 2024 Business Outlook,"Based on current business trends and conditions, the outlook for the fourth quarter of fiscal year 2024, ending November 3, 2024, is expected to be as follows:",,,,,,yes,"Excerpt states 'Fourth quarter revenue guidance of approximately $14.0 billion' for Q4 FY2024 (ending November 3, 2024), which matches the metric (revenue), period (Q4 FY2024), and number ($14.0 billi",,,,,,,,"{""aid_flag_note"": """", ""assumption.metric"": ""revenue"", ""assumption.stated_at"": ""2024-09-05"", ""assumption.target_high"": ""14.0"", ""assumption.target_low"": ""14.0"", ""assumption.target_period"": ""Q4 FY2024"", ""assumption.text"": ""Fourth quarter revenue guidance of approximately $14.0 billion; and"", ""assumption.unit"": ""USD billions"", ""claim"": ""Broadcom Inc. expects revenue of $14 billion for Q4 FY2024."", ""conflict"": ""false"", ""invalidation_condition"": ""reported value differs from 14 by more than 0.5%""}"
01JEW2MK00KJD9BWPZEASE22HP,Broadcom Inc.,AVGO,0001730168,Broadcom Inc. expects revenue of $14.6 billion for Q1 FY2025.,First quarter revenue guidance of approximately $14.6 billion; and,revenue,14.6,14.6,USD billions,Q1 FY2025,2024-12-12,https://www.sec.gov/Archives/edgar/data/1730168/000173016824000125/avgo-11032024x8kxex99.htm,0001730168-24-000125,8-K,2024-12-12,2026-10-01T12:41:08Z,3995af3b2a3fa49efbbe316f8f74be2b3e97e906127b7274d28e0de625c3e181,First quarter revenue guidance of approximately $14.6 billion; and,14.916,2025-03-06,https://www.sec.gov/Archives/edgar/data/1730168/000173016825000009/avgo-02022025x8kxex99.htm,0001730168-25-000009,8-K,2025-03-06,2026-10-01T12:41:10Z,51a633c92f74170ddb576d6ffe35cd0b490418fcb80bbf4ad5ab6b652c2b8b7e,"Revenue of $14,916 million for the first quarter, up 25 percent from the prior year period",reported value differs from 14.6 by more than 0.5%,open,,,,,,,,,84,,2026-10-02,navneet,false,false,,false,false,false,,missed,sentence,First Quarter Fiscal Year 2025 Business Outlook,"Based on current business trends and conditions, the outlook for the first quarter of fiscal year 2025, ending February 2, 2025, is expected to be as follows:",,,,,,yes,"Excerpt states 'First quarter revenue guidance of approximately $14.6 billion' for Q1 FY2025 (ending February 2, 2025), matching the metric, number, and period exactly.",,,,,,,,"{""aid_flag_note"": """", ""assumption.metric"": ""revenue"", ""assumption.stated_at"": ""2024-12-12"", ""assumption.target_high"": ""14.6"", ""assumption.target_low"": ""14.6"", ""assumption.target_period"": ""Q1 FY2025"", ""assumption.text"": ""First quarter revenue guidance of approximately $14.6 billion; and"", ""assumption.unit"": ""USD billions"", ""claim"": ""Broadcom Inc. expects revenue of $14.6 billion for Q1 FY2025."", ""conflict"": ""false"", ""invalidation_condition"": ""reported value differs from 14.6 by more than 0.5%""}"
01JNMC0Z00D9WD5RJQ7EGCQAMN,Broadcom Inc.,AVGO,0001730168,Broadcom Inc. expects revenue of $4.4 billion for Q2 FY2025.,"Q1 AI revenue grew 77% year-over-year to $4.1 billion and infrastructure software revenue grew 47% year-over-year to $6.7 billion,” said Hock Tan, President and CEO of Broadcom Inc. “We expect continued strength in AI semiconductor revenue of $4.4 billion in Q2, as hyperscale partners continue to invest in AI XPUs and connectivity solutions for AI data centers.”",revenue,4.4,4.4,USD billions,Q2 FY2025,2025-03-06,https://www.sec.gov/Archives/edgar/data/1730168/000173016825000009/avgo-02022025x8kxex99.htm,0001730168-25-000009,8-K,2025-03-06,2026-10-01T12:41:10Z,51a633c92f74170ddb576d6ffe35cd0b490418fcb80bbf4ad5ab6b652c2b8b7e,"Q1 AI revenue grew 77% year-over-year to $4.1 billion and infrastructure software revenue grew 47% year-over-year to $6.7 billion,” said Hock Tan, President and CEO of Broadcom Inc. “We expect continued strength in AI semiconductor revenue of $4.4 billion in Q2, as hyperscale partners continue to invest in AI XPUs and connectivity solutions for AI data centers.”",4.4,2025-06-05,https://www.sec.gov/Archives/edgar/data/1730168/000173016825000061/avgo-05042025x8kxex99.htm,0001730168-25-000061,8-K,2025-06-05,2026-10-01T12:41:12Z,0b963b99ad30bbb7dfdd6f354fcea0dc78a72fefc570f50f5ae1292ef76bef2c,"Q2 AI revenue grew 46% year-over-year to over $4.4 billion driven by robust demand for AI networking,” said Hock Tan, President and CEO of Broadcom Inc. “We expect growth in AI semiconductor revenue to accelerate to $5.1 billion in Q3, delivering ten consecutive quarters of growth, as our hyperscale partners continue to invest.”",reported value differs from 4.4 by more than 0.5%,open,,,,,,,,,91,,2026-10-02,navneet,false,false,,false,false,false,,met,sentence,,,,,,,,yes,"The excerpt states 'We expect continued strength in AI semiconductor revenue of $4.4 billion in Q2', which is forward guidance for Q2 revenue of $4.4 billion.",,,,,,,,"{""aid_flag_note"": """", ""assumption.metric"": ""revenue"", ""assumption.stated_at"": ""2025-03-06"", ""assumption.target_high"": ""4.4"", ""assumption.target_low"": ""4.4"", ""assumption.target_period"": ""Q2 FY2025"", ""assumption.text"": ""Q1 AI revenue grew 77% year-over-year to $4.1 billion and infrastructure software revenue grew 47% year-over-year to $6.7 billion,\u201d said Hock Tan, President and CEO of Broadcom Inc. \u201cWe expect continued strength in AI semiconductor revenue of $4.4 billion in Q2, as hyperscale partners continue to invest in AI XPUs and connectivity solutions for AI data centers.\u201d"", ""assumption.unit"": ""USD billions"", ""claim"": ""Broadcom Inc. expects revenue of $4.4 billion for Q2 FY2025."", ""conflict"": ""false"", ""invalidation_condition"": ""reported value differs from 4.4 by more than 0.5%""}"
01JWYP6C00EDMXG4NYBC77H603,Broadcom Inc.,AVGO,0001730168,Broadcom Inc. expects revenue of $15.8 billion for Q3 FY2025.,Third quarter revenue guidance of approximately $15.8 billion; and,revenue,15.8,15.8,USD billions,Q3 FY2025,2025-06-05,https://www.sec.gov/Archives/edgar/data/1730168/000173016825000061/avgo-05042025x8kxex99.htm,0001730168-25-000061,8-K,2025-06-05,2026-10-01T12:41:12Z,0b963b99ad30bbb7dfdd6f354fcea0dc78a72fefc570f50f5ae1292ef76bef2c,Third quarter revenue guidance of approximately $15.8 billion; and,15.952,2025-09-04,https://www.sec.gov/Archives/edgar/data/1730168/000173016825000094/avgo-08032025x8kxex99.htm,0001730168-25-000094,8-K,2025-09-04,2026-10-01T12:41:14Z,4fda375e153c5ef234494f9b651b3856df65776e399cf9f5fe8a8451ae806c04,"Revenue of $15,952 million for the third quarter, up 22 percent from the prior year period",reported value differs from 15.8 by more than 0.5%,open,,,,,,,,,91,,2026-10-02,navneet,false,false,,false,false,false,,missed,sentence,Third Quarter Fiscal Year 2025 Business Outlook,"Based on current business trends and conditions, the outlook for the third quarter of fiscal year 2025, ending August 3, 2025, is expected to be as follows:",,,,,,yes,"Excerpt states 'Third quarter revenue guidance of approximately $15.8 billion' for Q3 FY2025 (ending August 3, 2025), matching the metric, number, and period exactly.",,,,,,,,"{""aid_flag_note"": """", ""assumption.metric"": ""revenue"", ""assumption.stated_at"": ""2025-06-05"", ""assumption.target_high"": ""15.8"", ""assumption.target_low"": ""15.8"", ""assumption.target_period"": ""Q3 FY2025"", ""assumption.text"": ""Third quarter revenue guidance of approximately $15.8 billion; and"", ""assumption.unit"": ""USD billions"", ""claim"": ""Broadcom Inc. expects revenue of $15.8 billion for Q3 FY2025."", ""conflict"": ""false"", ""invalidation_condition"": ""reported value differs from 15.8 by more than 0.5%""}"
01K490BS004H8CG6FC4TXCMEA8,Broadcom Inc.,AVGO,0001730168,Broadcom Inc. expects revenue of $17.4 billion for Q4 FY2025.,Fourth quarter revenue guidance of approximately $17.4 billion; and,revenue,17.4,17.4,USD billions,Q4 FY2025,2025-09-04,https://www.sec.gov/Archives/edgar/data/1730168/000173016825000094/avgo-08032025x8kxex99.htm,0001730168-25-000094,8-K,2025-09-04,2026-10-01T12:41:14Z,4fda375e153c5ef234494f9b651b3856df65776e399cf9f5fe8a8451ae806c04,Fourth quarter revenue guidance of approximately $17.4 billion; and,18.015,2025-12-11,https://www.sec.gov/Archives/edgar/data/1730168/000173016825000116/avgo-11022025x8kxex99.htm,0001730168-25-000116,8-K,2025-12-11,2026-10-01T12:41:17Z,d22982cbc49004253ffdb98fb4424aa1687140c86105682a1e4346e11342e9f6,"Revenue of $18,015 million for the fourth quarter, up 28 percent from the prior year period",reported value differs from 17.4 by more than 0.5%,open,,,,,,,,,98,,2026-10-02,navneet,false,false,,false,false,false,,missed,sentence,Fourth Quarter Fiscal Year 2025 Business Outlook,"Based on current business trends and conditions, the outlook for the fourth quarter of fiscal year 2025, ending November 2, 2025, is expected to be as follows:",,,,,,yes,"The excerpt states 'Fourth quarter revenue guidance of approximately $17.4 billion' for Q4 FY2025 (ending November 2, 2025), which matches the metric (revenue), number ($17.4 billion), and period (Q4 ",,,,,,,,"{""aid_flag_note"": """", ""assumption.metric"": ""revenue"", ""assumption.stated_at"": ""2025-09-04"", ""assumption.target_high"": ""17.4"", ""assumption.target_low"": ""17.4"", ""assumption.target_period"": ""Q4 FY2025"", ""assumption.text"": ""Fourth quarter revenue guidance of approximately $17.4 billion; and"", ""assumption.unit"": ""USD billions"", ""claim"": ""Broadcom Inc. expects revenue of $17.4 billion for Q4 FY2025."", ""conflict"": ""false"", ""invalidation_condition"": ""reported value differs from 17.4 by more than 0.5%""}"
01KC5BA700J2BWMYXNV0HTQ6BR,Broadcom Inc.,AVGO,0001730168,Broadcom Inc. expects revenue of $19.1 billion for Q1 FY2026.,We forecast Q1’26 total revenue of $19.1 billion and adjusted EBITDA of 67%.”,revenue,19.1,19.1,USD billions,Q1 FY2026,2025-12-11,https://www.sec.gov/Archives/edgar/data/1730168/000173016825000116/avgo-11022025x8kxex99.htm,0001730168-25-000116,8-K,2025-12-11,2026-10-01T12:41:17Z,d22982cbc49004253ffdb98fb4424aa1687140c86105682a1e4346e11342e9f6,We forecast Q1’26 total revenue of $19.1 billion and adjusted EBITDA of 67%.”,19.311,2026-03-04,https://www.sec.gov/Archives/edgar/data/1730168/000173016826000011/avgo-02012026x8kxex99.htm,0001730168-26-000011,8-K,2026-03-04,2026-10-01T12:41:20Z,a67f3d492ef4ea6ee83e645d3f147dee8c2d805857022d4cc7da8a5503dc87c5,"Revenue of $19,311 million for the first quarter, up 29 percent from the prior year period",reported value differs from 19.1 by more than 0.5%,open,,,,,,,,,83,,2026-10-02,navneet,false,false,,false,false,false,,missed,sentence,,,,,,,,yes,"Excerpt states 'We forecast Q1'26 total revenue of $19.1 billion', which matches the metric (revenue), number ($19.1 billion), and period (Q1 FY2026, since fiscal year ends in October and is named for",,,,,,,,"{""aid_flag_note"": """", ""assumption.metric"": ""revenue"", ""assumption.stated_at"": ""2025-12-11"", ""assumption.target_high"": ""19.1"", ""assumption.target_low"": ""19.1"", ""assumption.target_period"": ""Q1 FY2026"", ""assumption.text"": ""We forecast Q1\u201926 total revenue of $19.1 billion and adjusted EBITDA of 67%.\u201d"", ""assumption.unit"": ""USD billions"", ""claim"": ""Broadcom Inc. expects revenue of $19.1 billion for Q1 FY2026."", ""conflict"": ""false"", ""invalidation_condition"": ""reported value differs from 19.1 by more than 0.5%""}"
01KJV29W00E4KD7F0C568EF2P3,Broadcom Inc.,AVGO,0001730168,Broadcom Inc. expects revenue of $22 billion for Q2 FY2026.,Second quarter revenue guidance of approximately $22.0 billion; and,revenue,22.0,22.0,USD billions,Q2 FY2026,2026-03-04,https://www.sec.gov/Archives/edgar/data/1730168/000173016826000011/avgo-02012026x8kxex99.htm,0001730168-26-000011,8-K,2026-03-04,2026-10-01T12:41:20Z,a67f3d492ef4ea6ee83e645d3f147dee8c2d805857022d4cc7da8a5503dc87c5,Second quarter revenue guidance of approximately $22.0 billion; and,22.187,2026-06-03,https://www.sec.gov/Archives/edgar/data/1730168/000173016826000051/avgo-05032026x8kxex99.htm,0001730168-26-000051,8-K,2026-06-03,2026-10-01T12:41:23Z,bce68b3a9d055230fab9ede9547dad60ce6610242a873a0384c711e3c918c312,"Revenue of $22,187 million for the second quarter, up 48 percent from the prior year period",reported value differs from 22 by more than 0.5%,open,,,,,,,,,91,,2026-10-02,navneet,false,false,,false,false,false,,missed,sentence,Second Quarter Fiscal Year 2026 Business Outlook,"Based on current business trends and conditions, the outlook for the second quarter of fiscal year 2026, ending May 3, 2026, is expected to be as follows:",,,,,,yes,"Excerpt states 'Second quarter revenue guidance of approximately $22.0 billion' for Q2 FY2026 (ending May 3, 2026), which matches the metric (revenue), period (Q2 FY2026), and number ($22.0 billion ≈ ",,,,,,,,"{""aid_flag_note"": """", ""assumption.metric"": ""revenue"", ""assumption.stated_at"": ""2026-03-04"", ""assumption.target_high"": ""22.0"", ""assumption.target_low"": ""22.0"", ""assumption.target_period"": ""Q2 FY2026"", ""assumption.text"": ""Second quarter revenue guidance of approximately $22.0 billion; and"", ""assumption.unit"": ""USD billions"", ""claim"": ""Broadcom Inc. expects revenue of $22 billion for Q2 FY2026."", ""conflict"": ""false"", ""invalidation_condition"": ""reported value differs from 22 by more than 0.5%""}"
01KT5CF900AA3C5DT4HA65M8KR,Broadcom Inc.,AVGO,0001730168,Broadcom Inc. expects operating margin non-GAAP of 67% for Q3 FY2026.,Third quarter fiscal year 2026 Non-GAAP operating income guidance of approximately 67 percent of projected revenue (1),operating margin non-GAAP,67.0,67.0,percent,Q3 FY2026,2026-06-03,https://www.sec.gov/Archives/edgar/data/1730168/000173016826000051/avgo-05032026x8kxex99.htm,0001730168-26-000051,8-K,2026-06-03,2026-10-01T12:41:23Z,bce68b3a9d055230fab9ede9547dad60ce6610242a873a0384c711e3c918c312,Third quarter fiscal year 2026 Non-GAAP operating income guidance of approximately 67 percent of projected revenue (1),66.0,2026-09-02,https://www.sec.gov/Archives/edgar/data/1730168/000173016826000076/avgo-08022026x8kxex99.htm,0001730168-26-000076,8-K,2026-09-02,2026-10-01T12:41:25Z,85efdfa78a022db1752ac9d142bf139e32cef279956e0d67777de29413cff99d,"We delivered non-GAAP operating income growth of 92% year-over-year, as consolidated revenue grew 86% year-over-year to $29.6 billion,” said Amie Thuener, CFO of Broadcom Inc. “Q4 consolidated revenue growth is forecasted to increase 93% year-over-year to $34.8 billion, and we expect to maintain our non-GAAP operating margin at 66%, flat from a year ago.”",reported value differs from 67 by more than 0.5%,open,,,,,,,,,91,,2026-10-02,navneet,false,false,,false,false,false,,missed,sentence,,,,,,,,yes,"Excerpt states 'Third quarter fiscal year 2026 Non-GAAP operating income guidance of approximately 67 percent of projected revenue', which matches the metric (operating margin non-GAAP), period (Q3 FY",,,,,,,,"{""aid_flag_note"": """", ""assumption.metric"": ""operating margin non-GAAP"", ""assumption.stated_at"": ""2026-06-03"", ""assumption.target_high"": ""67.0"", ""assumption.target_low"": ""67.0"", ""assumption.target_period"": ""Q3 FY2026"", ""assumption.text"": ""Third quarter fiscal year 2026 Non-GAAP operating income guidance of approximately 67 percent of projected revenue (1)"", ""assumption.unit"": ""percent"", ""claim"": ""Broadcom Inc. expects operating margin non-GAAP of 67% for Q3 FY2026."", ""conflict"": ""false"", ""invalidation_condition"": ""reported value differs from 67 by more than 0.5%""}"
01KT5CF900QYMTDF9JRYX5Y8PV,Broadcom Inc.,AVGO,0001730168,Broadcom Inc. expects revenue of $29.4 billion for Q3 FY2026.,Third quarter revenue guidance of approximately $29.4 billion;,revenue,29.4,29.4,USD billions,Q3 FY2026,2026-06-03,https://www.sec.gov/Archives/edgar/data/1730168/000173016826000051/avgo-05032026x8kxex99.htm,0001730168-26-000051,8-K,2026-06-03,2026-10-01T12:41:23Z,bce68b3a9d055230fab9ede9547dad60ce6610242a873a0384c711e3c918c312,Third quarter revenue guidance of approximately $29.4 billion;,29.6,2026-09-02,https://www.sec.gov/Archives/edgar/data/1730168/000173016826000076/avgo-08022026x8kxex99.htm,0001730168-26-000076,8-K,2026-09-02,2026-10-01T12:41:25Z,85efdfa78a022db1752ac9d142bf139e32cef279956e0d67777de29413cff99d,"Revenue of $29.6 billion for the third quarter, up 86 percent from the prior year period",reported value differs from 29.4 by more than 0.5%,open,,,,,,,,,91,,2026-10-02,navneet,false,false,,false,false,false,,missed,sentence,,"Based on current business trends and conditions, the outlook for the third quarter of fiscal year 2026, ending August 2, 2026, is expected to be as follows:",,,,,,yes,"Excerpt states 'Third quarter revenue guidance of approximately $29.4 billion' for Q3 FY2026 ending August 2, 2026, which matches the metric (revenue), number ($29.4 billion), and period (Q3 FY2026).",,,,,,,,"{""aid_flag_note"": """", ""assumption.metric"": ""revenue"", ""assumption.stated_at"": ""2026-06-03"", ""assumption.target_high"": ""29.4"", ""assumption.target_low"": ""29.4"", ""assumption.target_period"": ""Q3 FY2026"", ""assumption.text"": ""Third quarter revenue guidance of approximately $29.4 billion;"", ""assumption.unit"": ""USD billions"", ""claim"": ""Broadcom Inc. expects revenue of $29.4 billion for Q3 FY2026."", ""conflict"": ""false"", ""invalidation_condition"": ""reported value differs from 29.4 by more than 0.5%""}"
01M1FPMP00N4HDD3S437NWBMFK,Broadcom Inc.,AVGO,0001730168,Broadcom Inc. expects operating margin non-GAAP of 66% for Q4 FY2026.,Fourth quarter fiscal year 2026 Non-GAAP operating income guidance of approximately 66 percent of projected revenue (1),operating margin non-GAAP,66.0,66.0,percent,Q4 FY2026,2026-09-02,https://www.sec.gov/Archives/edgar/data/1730168/000173016826000076/avgo-08022026x8kxex99.htm,0001730168-26-000076,8-K,2026-09-02,2026-10-01T12:41:25Z,85efdfa78a022db1752ac9d142bf139e32cef279956e0d67777de29413cff99d,Fourth quarter fiscal year 2026 Non-GAAP operating income guidance of approximately 66 percent of projected revenue (1),,,,,,,,,,reported value differs from 66 by more than 0.5%,open,,,,,,,,,,,2026-10-02,navneet,false,false,,false,false,false,,unresolved,sentence,,,,,period not closed,,,yes,"Excerpt states 'Fourth quarter fiscal year 2026 Non-GAAP operating income guidance of approximately 66 percent of projected revenue', which matches the metric (operating margin non-GAAP), period (Q4 F",,,,,,,,"{""aid_flag_note"": """", ""assumption.metric"": ""operating margin non-GAAP"", ""assumption.stated_at"": ""2026-09-02"", ""assumption.target_high"": ""66.0"", ""assumption.target_low"": ""66.0"", ""assumption.target_period"": ""Q4 FY2026"", ""assumption.text"": ""Fourth quarter fiscal year 2026 Non-GAAP operating income guidance of approximately 66 percent of projected revenue (1)"", ""assumption.unit"": ""percent"", ""claim"": ""Broadcom Inc. expects operating margin non-GAAP of 66% for Q4 FY2026."", ""conflict"": ""false"", ""invalidation_condition"": ""reported value differs from 66 by more than 0.5%""}"
01M1FPMP00B83AVE6JM9J9DG07,Broadcom Inc.,AVGO,0001730168,Broadcom Inc. expects revenue of $34.8 billion for Q4 FY2026.,Fourth quarter revenue guidance of approximately $34.8 billion;,revenue,34.8,34.8,USD billions,Q4 FY2026,2026-09-02,https://www.sec.gov/Archives/edgar/data/1730168/000173016826000076/avgo-08022026x8kxex99.htm,0001730168-26-000076,8-K,2026-09-02,2026-10-01T12:41:25Z,85efdfa78a022db1752ac9d142bf139e32cef279956e0d67777de29413cff99d,Fourth quarter revenue guidance of approximately $34.8 billion;,,,,,,,,,,reported value differs from 34.8 by more than 0.5%,open,,,,,,,,,,,2026-10-02,navneet,false,false,,false,false,false,,unresolved,sentence,,"Based on current business trends and conditions, the outlook for the fourth quarter of fiscal year 2026, ending November 1, 2026, is expected to be as follows:",,,period not closed,,,yes,"Excerpt states 'Fourth quarter revenue guidance of approximately $34.8 billion' for Q4 FY2026 (ending November 1, 2026), matching the metric, number, and period exactly.",,,,,,,,"{""aid_flag_note"": """", ""assumption.metric"": ""revenue"", ""assumption.stated_at"": ""2026-09-02"", ""assumption.target_high"": ""34.8"", ""assumption.target_low"": ""34.8"", ""assumption.target_period"": ""Q4 FY2026"", ""assumption.text"": ""Fourth quarter revenue guidance of approximately $34.8 billion;"", ""assumption.unit"": ""USD billions"", ""claim"": ""Broadcom Inc. expects revenue of $34.8 billion for Q4 FY2026."", ""conflict"": ""false"", ""invalidation_condition"": ""reported value differs from 34.8 by more than 0.5%""}"
01DVVPFE00B17AA77EP0R9VZX3,Broadcom Inc.,AVGO,0001730168,Broadcom Inc. expects revenue of $24.5 billion to $25.5 billion for FY2020.,Revenue is expected to be $25 billion plus or minus $500 million.,revenue,24.5,25.5,USD billions,FY2020,2019-12-12,https://www.sec.gov/Archives/edgar/data/1730168/000119312519312797/d845915dex991.htm,0001193125-19-312797,8-K,2019-12-12,2026-10-01T12:40:12Z,96104ddc58a0cabe668aeb0b5fed4566d5fdb8b4f4cbe7344e924e26959353d4,Revenue is expected to be $25 billion plus or minus $500 million.,,,,,,,,,,"reported value falls outside [24.5, 25.5]",open,,,,,,,,,,,2026-10-03,navneet,false,false,,false,false,false,false,unresolved,sentence,,"contributions from the Symantec Enterprise Security business, is expected to be as follows:",,,outcome search not run,"the range was worked out from the printed plus or minus ('$25 billion plus or minus $500 million'), not taken from the model; the spread is absolute",,yes,"Excerpt states 'Revenue is expected to be $25 billion plus or minus $500 million', which equals $24.5B to $25.5B, matching the claim exactly.",,,,,,,,"{""aid_flag_note"": ""the range was worked out from the printed plus or minus ('$25 billion plus or minus $500 million'), not taken from the model; the spread is absolute"", ""assumption.metric"": ""revenue"", ""assumption.stated_at"": ""2019-12-12"", ""assumption.target_high"": ""25.5"", ""assumption.target_low"": ""24.5"", ""assumption.target_period"": ""FY2020"", ""assumption.text"": ""Revenue is expected to be $25 billion plus or minus $500 million."", ""assumption.unit"": ""USD billions"", ""claim"": ""Broadcom Inc. expects revenue of $24.5 billion to $25.5 billion for FY2020."", ""conflict"": ""false"", ""invalidation_condition"": ""reported value falls outside [24.5, 25.5]""}"
01E360MV00Z6APXWKP0QX348NT,Broadcom Inc.,AVGO,0001730168,Broadcom Inc. expects revenue of $5.55 billion to $5.85 billion for Q2 FY2020.,Second quarter revenue guidance of $5.7 billion plus or minus $150 million,revenue,5.55,5.85,USD billions,Q2 FY2020,2020-03-12,https://www.sec.gov/Archives/edgar/data/1730168/000119312520071608/d859221dex991.htm,0001193125-20-071608,8-K,2020-03-12,2026-10-01T12:40:15Z,c5147dd2cc61cdb688eafbeeb20ae9956149e01d700fe84a206b2171e6c9a8f7,Second quarter revenue guidance of $5.7 billion plus or minus $150 million,,,,,,,,,,"reported value falls outside [5.55, 5.85]",open,,,,,,,,,,,2026-10-03,navneet,false,false,,false,false,false,false,unresolved,sentence,,"conditions, the outlook for the second quarter of fiscal year 2020, ending May 3, 2020, including contributions from the Symantec enterprise security business, is expected to be as follows:",,,outcome search not run,"the range was worked out from the printed plus or minus ('$5.7 billion plus or minus $150 million'), not taken from the model; the spread is absolute",,yes,"The excerpt states 'Second quarter revenue guidance of $5.7 billion plus or minus $150 million', which equals a range of $5.55 billion to $5.85 billion, matching the claim exactly. The lead-in confirm",,,,,,,,"{""aid_flag_note"": ""the range was worked out from the printed plus or minus ('$5.7 billion plus or minus $150 million'), not taken from the model; the spread is absolute"", ""assumption.metric"": ""revenue"", ""assumption.stated_at"": ""2020-03-12"", ""assumption.target_high"": ""5.85"", ""assumption.target_low"": ""5.55"", ""assumption.target_period"": ""Q2 FY2020"", ""assumption.text"": ""Second quarter revenue guidance of $5.7 billion plus or minus $150 million"", ""assumption.unit"": ""USD billions"", ""claim"": ""Broadcom Inc. expects revenue of $5.55 billion to $5.85 billion for Q2 FY2020."", ""conflict"": ""false"", ""invalidation_condition"": ""reported value falls outside [5.55, 5.85]""}"
01E9YA17000245NECV0JG01XMZ,Broadcom Inc.,AVGO,0001730168,Broadcom Inc. expects revenue of $5.6 billion to $5.9 billion for Q3 FY2020.,Third quarter revenue guidance of $5.75 billion plus or minus $150 million,revenue,5.6,5.9,USD billions,Q3 FY2020,2020-06-04,https://www.sec.gov/Archives/edgar/data/1730168/000173016820000099/avgo-05032020x8kxex99.htm,0001730168-20-000099,8-K,2020-06-04,2026-10-01T12:40:23Z,b5043e10427520421356a2d745555eb695db1d1fffe53cb0810c5d904a03697e,Third quarter revenue guidance of $5.75 billion plus or minus $150 million,,,,,,,,,,"reported value falls outside [5.6, 5.9]",open,,,,,,,,,,,2026-10-03,navneet,false,false,,false,false,false,false,unresolved,sentence,,,,,outcome search not run,"the range was worked out from the printed plus or minus ('$5.75 billion plus or minus $150 million'), not taken from the model; the spread is absolute",,yes,"The excerpt states 'Third quarter revenue guidance of $5.75 billion plus or minus $150 million', which equals a range of $5.6 billion to $5.9 billion, matching the claim exactly.",,,,,,,,"{""aid_flag_note"": ""the range was worked out from the printed plus or minus ('$5.75 billion plus or minus $150 million'), not taken from the model; the spread is absolute"", ""assumption.metric"": ""revenue"", ""assumption.stated_at"": ""2020-06-04"", ""assumption.target_high"": ""5.9"", ""assumption.target_low"": ""5.6"", ""assumption.target_period"": ""Q3 FY2020"", ""assumption.text"": ""Third quarter revenue guidance of $5.75 billion plus or minus $150 million"", ""assumption.unit"": ""USD billions"", ""claim"": ""Broadcom Inc. expects revenue of $5.6 billion to $5.9 billion for Q3 FY2020."", ""conflict"": ""false"", ""invalidation_condition"": ""reported value falls outside [5.6, 5.9]""}"
01EH8M6M007V8E1PQYZZNGAYG9,Broadcom Inc.,AVGO,0001730168,Broadcom Inc. expects revenue of $6.25 billion to $6.55 billion for Q4 FY2020.,Fourth quarter revenue guidance of $6.4 billion plus or minus $150 million,revenue,6.25,6.55,USD billions,Q4 FY2020,2020-09-03,https://www.sec.gov/Archives/edgar/data/1730168/000173016820000154/avgo-08022020x8kxex99.htm,0001730168-20-000154,8-K,2020-09-03,2026-10-01T12:40:26Z,4fbf954e1aea4b8c27aaeebc2bbb3b67b49fd568f75e6673f8f2c7a0d907147e,Fourth quarter revenue guidance of $6.4 billion plus or minus $150 million,,,,,,,,,,"reported value falls outside [6.25, 6.55]",open,,,,,,,,,,,2026-10-03,navneet,false,false,,false,false,false,false,unresolved,sentence,,,,,outcome search not run,"the range was worked out from the printed plus or minus ('$6.4 billion plus or minus $150 million'), not taken from the model; the spread is absolute",,yes,"Fourth quarter revenue guidance of $6.4 billion plus or minus $150 million equals $6.25B to $6.55B, matching the claim exactly",,,,,,,,"{""aid_flag_note"": ""the range was worked out from the printed plus or minus ('$6.4 billion plus or minus $150 million'), not taken from the model; the spread is absolute"", ""assumption.metric"": ""revenue"", ""assumption.stated_at"": ""2020-09-03"", ""assumption.target_high"": ""6.55"", ""assumption.target_low"": ""6.25"", ""assumption.target_period"": ""Q4 FY2020"", ""assumption.text"": ""Fourth quarter revenue guidance of $6.4 billion plus or minus $150 million"", ""assumption.unit"": ""USD billions"", ""claim"": ""Broadcom Inc. expects revenue of $6.25 billion to $6.55 billion for Q4 FY2020."", ""conflict"": ""false"", ""invalidation_condition"": ""reported value falls outside [6.25, 6.55]""}"
